EXPEDIENTE;PROCEDIMIENTO;OBJETO;DURACIÓN (MESES);IMP. LICITACIÓN (IVA INCLUIDO);IMP. ADJUDICACIÓN (IVA INCLUIDO);ADJUDICATARIO
181/2023/27006;;SERVICIO DE GESTIÓN SANITARIA PARA EL ÁREA DE DEPORTES. AÑO 2023 Y SIGUIENTES;1;;175.000,00 €;INSTINTO DEPORTIVO,S.L.
140/2025/27006;NEGOCIADO SIN PUBLICIDAD;MONTAJE Y DESMONTAJE DE PLAZA DE TOROS Y SUMINISTRO DE MATERIAL POR DETERIORO Y DESGASTE. FERIA TAURINA DE ARGANDA DEL REY.  FIESTAS PATRONALES 2025.;3;;66.979,86 €;STAGE MUSIC,S.L.
170/2025/27006;NEGOCIADO SIN PUBLICIDAD;GANADERÍA “TOROS DE PABLO MAYORAL”, INCLUIDOS DERECHOS DE MAYORAL, PARA SU LIDIA EL DÍA 9 DE SEPTIEMBRE DE 2025,  EN LA PLAZA DE TOROS DE ARGANDA DEL REY.;;;24.794,11 €;MARIA DEL MAR MAYORAL FIGUEROA
63/2023/27006;;SERVICIO DE PREVENCIÓN Y CONTROL INTEGRADO DE PLAGAS EN EL TÉRMINO MUNICIPAL DE ARGANDA DEL REY;12;;62.315,00 €;NATURALIZA NATURALEZA URBANA,S.A.
16/2025/27006;VARIOS CRITERIOS, ABIERTO SIMPLIFICADO  CON PUBL.;SERVICIO DE EMISIÓN, GESTIÓN Y VENTA DE ENTRADAS, MEDIANTE LA PUESTA A DISPOSICIÓN, MANTENIMIENTO Y ACTUALIZACIÓN DE LOS ELEMENTOS NECESARIOS PARA LA VENTA PRESENCIAL Y ONLINE, DE LOS EVENTOS ORGANIZADOS O QUE SE DETERMINEN POR LA CONCEJALÍA DE CULTURA DEL AYUNTAMIENTO DE ARGANDA DEL REY EN EL AUDITORIO MONTSERRAT CABALLÉ Y DE FORMA OCASIONAL, DURANTE LAS FIESTAS, EN LA PLAZA DE TOROS;24;29.803,95 €;0,00 €;GIGLÓN,S.L.
31/2022/27006;;SERVICIOS DE PAGO MEDIANTE DE CRÉDICO Y DÉBITO A TRAVÉS DE TPV VIRTUAL Y FÍSCIO;12;;15.000,00 €;BANCO BILBAO VIZCAYA ARGENTARIA,S.A.
110/2023/27006;;SERVICIO DE PIROTECNIA EN FIESTAS PATRONALES, FIESTAS DE BARRIOS Y NAVIDAD EN ARGANDA DEL REY;12;;62.908,05 €;FA DEL MEDITERRÁNEO,S.L.U.
329/2023/27006;VARIOS CRITERIOS, ABIERTO SIMPLIFICADO, CON PUBL.;DISEÑO, EJECUCIÓN Y EVALUACIÓN DE ACCIONES FORMATIVAS DE PREVENCIÓN DEL CONSUMO DE TABACO, CANNABIS EN EL AMBITO EDUCATIVO;24;;30.000,00 €;NATUR DEL SIGLO XXI,S.L.
290/2021/27006;;ADQUISICIÓN DE LICENCIAS DE OFFICE 365 Y SERVICIO DE SUBSCRIPCIÓN DE CORREO ELECTRÓNICO DE LOS DOMINIOS ayto-arganda.es Y argandadeportiva.com ASI COMO LOS SERVICIOS DE MIGRACIÓN Y SOPORTE PARA EL AYUNTAMIENTO DE ARGANDA DEL REY (MADRID)”;12;;59.386,80 €; SPHERA DESARROLLO E INNOVACIÓN EN TECNOLOGÍAS DE LA INFORMACIÓN S.A.
329/2023/27006;;DISEÑO, EJECUCIÓN Y EVALUACIÓN DE ACCIONES FORMATIVAS DE PREVENCIÓN DEL CONSUMO DE TABACO, CANNABIS EN EL AMBITO EDUCATIVO;24;;30.000,00 €;NATUR DEL SIGLO XXI,S.L.
141/2025/27006;NEGOCIADO SIN PUBLICIDAD;GANADERÍA “ALDEANUEVA”, INCLUIDOS DERECHOS DE MAYORAL, PARA SU LIDIA EL DÍA 11 DE SEPTIEMBRE DE 2025, EN LA PLAZA DE TOROS DE ARGANDA DEL REY;;;24.200,00 €;María Ramos Romero
145/2025/27006;NEGOCIADO SIN PUBLICIDAD;GANADERÍA “CERRO LONGO” (JUAN JULIÁN REVELLES SANZ), INCLUIDOS DERECHOS DE MAYORAL, PARA SU LIDIA EL DÍA 16 DE SEPTIEMBRE DE 2025, EN LA PLAZA DE TOROS DE ARGANDA DEL REY.;;;11.371,58 €;JULIAN REVELLES SANZ
175/2025/27006;NEGOCIADO SIN PUBLICIDAD;CONTRATACIÓN DE LA GANADERÍA TOROS DE SANTANDER REDONDO, INCLUIDOS DERECHOS DE MAYORAL, PARA SU SUELTA DURANTE LOS FESTEJOS TAURINOS PROGRAMADOS PARA EL AÑO 2025. FERIA TAURINA.;;;66.211,20 €;TOROS DE SANTANDER REDONDO S.L
172/2025/27006;NEGOCIADO SIN PUBLICIDAD;GANADERÍA “JOSÉ CRUZ” (OTSO S.L.), INCLUIDOS DERECHOS DE MAYORAL, PARA SU LIDIA EL DÍA 10 DE SEPTIEMBRE DE 2025, EN LA PLAZA DE TOROS DE ARGANDA DEL REY;;;24.521,86 €;GANADERÍA JOSÉ CRUZ
147/2025/27006;NEGOCIADO SIN PUBLICIDAD;LAS MONJAS” (AGROPECUARIA LAS MONJAS), INCLUIDOS DERECHOS DE MAYORAL, PARA LA CELEBRACIÓN DEL CONCURSO DE RECORTES EL DÍA 6 DE SEPTIEMBRE DE 2025, EN LA PLAZA DE TOROS DE ARGANDA DEL REY.;;;45.193,50 €;AGROPECUARIA LAS MONJAS,S.A.
173/2025/27006;NEGOCIADO SIN PUBLICIDAD;GANADERÍA TOROS DE CONCHA Y SIERRA, S.L. PARA LA ADQUISICIÓN DE 38 RESES PARA SUELTAS, ALQUILER DE BUEYES, TRANSPORTE DE LAS RESES, DERECHOS DE MAYORAL Y ENAJENACIÓN DE LA CARNE DE RESES DE LOS FESTEJOS TAURINOS PROGRAMADOS PARA LA FERIA TAURINA 2025. FIESTAS PATRONALES.;;;281.252,40 €;TOROS DE CONCHA Y SIERRA,S.L.
171/2025/27006;NEGOCIADO SIN PUBLICIDAD;CONTRATACIÓN DE LA GANADERÍA “CANTINUEVO” (ANTONIO GONZALEZ ALARCOS S.A.), INCLUIDOS DERECHOS DE MAYORAL, PARA SU LIDIA EL DÍA 16 DE SEPTIEMBRE DE 2025,  EN LA PLAZA DE TOROS DE ARGANDA DEL REY. ;;;10.935,25 €;ANTONIO GONZALEZ ALARCOS,S.A.
183/2025/27006;NEGOCIADO SIN PUBLICIDAD;GANADERÍA “EL FREIXO” (IGNACIO LÓPEZ ESCOBAR) INCLUIDOS DERECHOS DE MAYORAL, PARA SU LIDIA EL DÍA 15 DE SEPTIEMBRE DE 2025, EN LA PLAZA DE TOROS DE ARGANDA DEL REY.;;;30.098,15 €;LOPEZ ESCOBAR IGNACIO (Ganaderia el FREIXO)
143/2025/27006;NEGOCIADO SIN PUBLICIDAD;ACTUACIÓN CARLOS BAUTE EL DÍA 7 DE SEPTIEMBRE DE 2025 EN ARGANDA DEL REY CON MOTIVO DE LAS FIESTAS PATRONALES;;;53.482,00 €;PRODUCCIONES MÚLTIPLE,S.L.
178/2025/27006;NEGOCIADO SIN PUBLICIDAD;Actuación de ANTOÑITO MOLINA, Producción Integral del Recinto Ferial y MACRODISCO DJ´s LOCALES - Fiestas Patronales 2025;;;130.680,00 €;PRODUCCIONES MÚLTIPLE,S.L.
64/2025/27006;VARIOS CRITERIOS, ABIERTO CON PUBL.;SERVICIO DE PREVENCIÓN Y CONTROL DE LEGIONELOSIS EN INSTALACIONES MUNICIPLES;12;60.126,41 €;48.552,00 €;DENFOR,E.P.C.,S.L.
165/2022/27006;;CONTRATO DE TELEASISTENCIA DOMICILIARIA - SERVICIOS SOCIALES;12;;70.000,00 €;QUAVITAE SERVICIOS ASISTENCIALES, S.L
66/2025/27006;NEGOCIADO SIN PUBLICIDAD;"ACTUACIÓN ORQUESTA ""PANORAMA CITY"" - FIESTAS PATRONALES  - 12/SEPTIEMBRE 2025";;;29.887,00 €;PANORAMA FACTORY,S.L.
86/2023/27006;;SERVICIO DE VIGILANCIA Y SEGURIDAD DE LOS EDIFICIOS, POLIDEPORTIVOS, COLEGIOS, PARQUES, ACTIVIDADES CULTURALES, FIESTAS Y OTRAS AREAS DEPENDIENTES DEL AYUNTAMIENTO DE ARGANDA DEL REY;24;;904.160,40 €;ESTRELLA VELOZ,S.L.
188/2023/27006;;SERVICIOS DE PRIMEROS DEL COLE, JUEGOS Y MERIENDA EN DIAS LECTIVOS Y ACOGIDA TEMPRANA EN DÍAS NO LECTIVOS Y PERIODOS VACACIONALES.;12;;540.000,00 €;CULTURAL ACTEX,S.L.
212/2023/27006;;SERVICIO DE MANTENIMIENTO DE SISTEMAS DE COMUNICACIONES VOZ/DATOS DEL AYTO DE ARGANDA;12;;33.275,00 €;MAINTENANCE DEVELOPMENTE,S.A.
24/2025/27006;VARIOS CRITERIOS, ABIERTO SIMPLIFICADO  CON PUBL.;SUMINISTRO DE MATERIAL DE OFICINA Y PAPELERÍA PARA EL AYUNTAMIENTO DE ARGANDA DEL REY (2025-26).;12;24.200,00 €;24.200,00 €;SUMOSA MUNDOCOP,S.L.
277/2023/27006;VARIOS CRITERIOS, ABIERTO ARMONIZADO  CON PUBL.;SUMINISTRO CON MANTENIMIENTO DE MAQUINARIA, DISEÑO Y DISTRIBUCIÓN SALAS FITNESS DE LAS INSTALACIONES DEPORTIVAS MUNICIPALES DEL AYUNTAMIENTO DE ARGANDA DEL REY;60;1.633.500,00 €;1.294.004,98 €;EXERCICLE,S.L.
51/2025/27006;VARIOS CRITERIOS, ABIERTO SIMPLIFICADO  CON PUBL.;SUMINISTRO E INSTALACION DE ILUMINACIÓN ORNAMENTAL CON MOTIVO DE LAS FIESTAS DE LA POVEDA, SAN JUAN, SANTIAGO, SAN ROQUE, PATRONALES Y FIESTAS DE NAVIDAD DE ARGANDA DEL REY (2025-2027);24;936.210,88 €;936.210,88 €;ILUMINACIONES XIMÉNEZ,S.A.
138/2025/27006;CONTRATO BASADO ACUERDO MARCO DE MUNICIPIOS;CONTRATO PARA LA PRESTACIÓN DEL SERVICIO DE ASISTENCIA TÉCNICA Y COLABORACIÓN PARA LA GESTIÓN Y RECAUDACIÓN VOLUNTARIA DE MULTAS DE TRÁFICO Y OTRAS SANCIONES DE CARÁCTER NO TRIBUTARIO NI URBANÍSTICO A RESIDENTES EN ESPAÑA.;12;31.772,30 €;31.772,30 €;UTE VIALINE GESTION S.L.U.-ITM INSTALACIONES Y MANTENIMIENTO DE TELECOMUNICACIONES S.L.U.
194-2023-27006;VARIOS CRITERIOS, ABIERTO SIMPLIFICADO, CON PUBL.;SERVICIO DE MANTENIMIENTO PREVENTIVO Y CORRECTIVO DE LOS SISTEMAS DE DETECCIÓN, EXTINCIÓN Y PROTECCIÓN CONTRA INCENDIOS INSTALADOS EN CENTROS DE EDUCACIÓN INFANTIL Y PRIMARIA DE ARGANDA DEL REY Y EN EDIFICIOS MUNICIPALES DEL AYUNTAMIENTO DE ARGANDA DEL REY (MADRID). (2023-2025) LOTE 1 ;24;;9.281,45 €;FERMALUX, S.L.
194-2023-27006;;SERVICIO DE MANTENIMIENTO PREVENTIVO Y CORRECTIVO DE LOS SISTEMAS DE DETECCIÓN, EXTINCIÓN Y PROTECCIÓN CONTRA INCENDIOS INSTALADOS EN CENTROS DE EDUCACIÓN INFANTIL Y PRIMARIA DE ARGANDA DEL REY Y EN EDIFICIOS MUNICIPALES DEL AYUNTAMIENTO DE ARGANDA DEL REY (MADRID). (2023-2025) LOTE 2;12;;19.174,26 €;FERMALUX, S.L.
292/2023/27006;PRIVADO;ARRENDAMIENTO DE SOLAR PARA APARCAMIENTO EN C/ CARRETAS, 13.;12;;61.020,00 €;CONCEPCIÓN ANDRÉS OUTÓN,   MARÍA ANTONIA ANDRÉS OUTÓN, MANUEL ANDRÉS CARMONA, FRANCISCO JAVIER ANDRÉS CARMONA ,JORGE ANDRÉS CARMONA,JORGE ANDRÉS CARMONA, FRANCISCO JAVIER ANDRÉS CARMONA 
146/2025/27006;NEGOCIADO SIN PUBLICIDAD;CONTRATACIÓN DE LA GANADERÍA “EL RETAMAR” (DEHESA EL VALLEJO S.L.), INCLUIDOS DERECHOS DE MAYORAL, PARA SU LIDIA EL DÍA 12 DE SEPTIEMBRE DE 2025,  EN LA PLAZA DE TOROS DE ARGANDA DEL REY. ;;;24.630,76 €;DEHESA EL VALLEJO,S.L.
176/2025/27006;NEGOCIADO SIN PUBLICIDAD;CONTRATACIÓN DE LA GANADERÍA “LOS BAYONES” (SAT Nº 2817 HERIHER .), INCLUIDOS DERECHOS DE MAYORAL, PARA SU LIDIA EL DÍA 8 DE SEPTIEMBRE DE 2025,  EN LA PLAZA DE TOROS DE ARGANDA DEL REY. ;;;24.356,88 €;S.A.T. Nº 2817 HERIHER Ganaderia Los Bayones
120/2025/27006;ABREVIADO SIMPLIFICADO;MANTENIMIENTO Y SOPORTE DE ASISTENCIA TÉCNICA  ORACLE  PARA EL AYUNTAMIENTO DE ARGANDA DEL REY.;24;18.150,00 €;14.833,00 €;GESTION DE PROYECTOS Y SOLUCIONES OPEN SOURCE 