desc_cpv,offer_bucket,n,diff_pct_mean,diff_pct_median,diff_pct_p25,diff_pct_p75,budget_sum,awarded_sum
" Architectural, construction, engineering and inspection services",0,126,0.1321507809140899,-0.11517241379310345,-0.24913461207932694,0.0,627832258.64,18351391.71
" Architectural, construction, engineering and inspection services",1,4666,,0.0,-0.1005001528759198,0.0,529420973.69,221934795.56
" Architectural, construction, engineering and inspection services",10+,1380,,-0.21100936400283388,-0.3016316711241253,-0.09983910897047608,458353987.03,1275576717.41
" Architectural, construction, engineering and inspection services",2,1488,,-0.13023737571619676,-0.21938668280372942,-0.05,175281997.69,141812362.99
" Architectural, construction, engineering and inspection services",3-4,2511,,-0.19802369331811678,-0.28239896493935845,-0.10034816758607461,291574265.28,193620477.93
" Architectural, construction, engineering and inspection services",5-9,3056,,-0.21250000000000002,-0.31587273678749817,-0.09748282890620086,399315489.19,404756958.64
 Business services,0,127,,-0.01396635712078171,-0.1728244529985996,0.0,11687971.94,10174493.16
 Business services,1,8451,,0.0,-0.16000000000000003,0.0,384298231.37,347299853.77
 Business services,10+,498,,-0.1776647282129749,-0.3771684476289648,0.0,63397163.51,380866233.19
 Business services,2,1995,,-0.07769466167970078,-0.2,0.0,319313254.48,274586951.85
 Business services,3-4,2748,,-0.13632189041680293,-0.282836831962029,-0.0002942315571643541,451723630.29,417363835.3
 Business services,5-9,1725,,-0.2,-0.3701441102756892,-0.009345794392523364,295860538.71,336011972.36
 Construction work,0,182,-0.12223921171953289,-0.07687831935688748,-0.1831884154276915,-0.020191698737825982,64778983.61,46463827.82
 Construction work,1,5926,,0.0,-0.05094695558852291,0.0,1260979624.45,1175543354.34
 Construction work,10+,1535,,-0.1859663650449383,-0.2710180079460025,-0.09800000389412507,2122847280.09,2788285326.93
 Construction work,2,2858,,-0.05281209991030725,-0.11510765987382576,-0.01444364241423065,784955491.38,739537766.79
 Construction work,3-4,3821,,-0.10004899346722701,-0.1656202852721324,-0.04370000928171738,1915409570.92,1796386172.71
 Construction work,5-9,3896,,-0.14745036494879954,-0.21872569136939696,-0.07999982629627138,2741996887.54,2409099151.15
 IT services,0,48,-0.10615488507019845,-0.022182519897755174,-0.16078859060402687,0.0,8540330.38,3700273.44
 IT services,1,3427,,0.0,-0.05,0.0,1102285713.02,1055164199.78
 IT services,10+,64,,-0.23437254901960786,-0.40101274787535407,-0.08777479912298007,139172749.58,1109862256.59
 IT services,2,785,,-0.0999999999999999,-0.19996653813332838,-0.01,445148306.52,427059805.02
 IT services,3-4,796,,-0.1614213008267472,-0.2628259850746269,-0.04247135842224972,453917593.91,407015775.44
 IT services,5-9,468,,-0.18466522719424425,-0.30125245166713366,-0.03680704747390191,332499548.99,309069749.46
" Medical equipments, pharmaceuticals and personal care products",0,2612,-0.43719394200714173,-0.1735537190082645,-0.9661463824590107,0.0,4635521898.15,425551068.75
" Medical equipments, pharmaceuticals and personal care products",1,109968,,0.0,0.0,0.0,4105530279025.36,1633645774.66
" Medical equipments, pharmaceuticals and personal care products",10+,3274,,-0.9659673034003533,-0.9952479513158793,-0.06430773266872172,7835750648.24,353451296.87
" Medical equipments, pharmaceuticals and personal care products",2,1487,,-0.025575423728813634,-0.19220199430199428,0.0,356633417.74,244440703.46
" Medical equipments, pharmaceuticals and personal care products",3-4,2156,,-0.12222222222222222,-0.38484359413726066,0.0,460923870.29,251345396.8
" Medical equipments, pharmaceuticals and personal care products",5-9,1794,,-0.1872220391969312,-0.9080764199721854,0.0,882143069.56,1078876957.8
" Petroleum products, fuel, electricity and other sources of energy",0,57,,0.0,-0.2229360933616681,0.0,366171014.19,8182728.45
" Petroleum products, fuel, electricity and other sources of energy",1,1038,,0.0,-0.04074430457937499,0.0,1277743010.6,338214770.43
" Petroleum products, fuel, electricity and other sources of energy",10+,168,-0.12356862547437412,-0.32444192858616416,-0.41614836190026444,-0.23147297538438616,25411647.11,40647391.45
" Petroleum products, fuel, electricity and other sources of energy",2,436,,-0.23684722830154048,-0.9972690795614589,0.0,236252362.07,190402077.4
" Petroleum products, fuel, electricity and other sources of energy",3-4,217,,-0.11550002209872869,-0.17355376695426752,0.0,227449208.94,190781216.34
" Petroleum products, fuel, electricity and other sources of energy",5-9,195,1.395235471688812,-0.19710669077757687,-0.2834657672257731,-0.11829777717797887,359641234.14,319114563.43
 Repair and maintenance services,0,57,,0.0,-0.17327074794556166,0.0,16381186.68,3779035.16
 Repair and maintenance services,1,3547,,0.0,-0.03668067859905838,0.0,3163058867.26,676708629.97
 Repair and maintenance services,10+,181,,-0.19455186467824212,-0.6008119211578462,0.0,567928386.32,268834839.42
 Repair and maintenance services,2,999,,-0.07255244755244755,-0.19621438737995817,-1.3659444077247548e-05,320582516.33,294199547.45
 Repair and maintenance services,3-4,980,,-0.15113266404505,-0.30005354752342706,-0.026122811403508778,361694267.7,296834786.61
 Repair and maintenance services,5-9,669,,-0.18124411874137528,-0.5066666666666667,0.0,602227332.1,409339199.74
" Sewage-, refuse-, cleaning-, and environmental services",0,27,-0.11273623870778178,-0.045223589204951675,-0.21830291454111828,-0.002264737904501957,4184031.02,3808144.2800000003
" Sewage-, refuse-, cleaning-, and environmental services",1,1405,,-0.020000112058524533,-0.09626217592494776,-2.2300036472807826e-07,1376248017.75,1374169154.29
" Sewage-, refuse-, cleaning-, and environmental services",10+,123,0.2389751303613053,-0.19891854326762448,-0.33969464211894607,-0.1251785523231777,555194271.21,607959070.94
" Sewage-, refuse-, cleaning-, and environmental services",2,1079,,-0.0555556544049877,-0.15967078989366396,-0.00569103888836779,720725113.75,763209051.4300001
" Sewage-, refuse-, cleaning-, and environmental services",3-4,1445,,-0.07300001081315624,-0.17857142857142858,-0.01768034151770799,1844564450.59,1734673851.6599998
" Sewage-, refuse-, cleaning-, and environmental services",5-9,1023,,-0.10685375067458176,-0.23423628315075493,-0.04356359977259017,2432249192.84,2108924047.04
 Transport equipment and auxiliary products to transportation,0,40,,-0.03370862394436165,-0.08093349439770263,0.0,18623247.61,3956301.06
 Transport equipment and auxiliary products to transportation,1,1599,,-0.0033774136581443547,-0.06234007962840081,0.0,586769771.6,273222349.87
 Transport equipment and auxiliary products to transportation,10+,54,,-0.275030714040002,-0.5138912593148777,0.0,217959045.52,3271105.83
 Transport equipment and auxiliary products to transportation,2,630,,-0.04929226656840603,-0.13268815914903515,-0.004424426301853486,205579266.2,187904443.66
 Transport equipment and auxiliary products to transportation,3-4,611,,-0.1,-0.21941879024810357,-0.010549438327216106,705585850.81,555013888.97
 Transport equipment and auxiliary products to transportation,5-9,307,,-0.23,-0.348742587321471,-0.10541489438396652,167000809.15,95479306.79
Not Specified,0,83,,0.0,0.0,0.0,25781432.470000003,3070801.47
Not Specified,1,1181,,0.0,-0.00029595889402971715,0.0,408660568.9,567170318.93
Not Specified,10+,342,,-0.18519303953258776,-0.22005846128669132,-0.15,325603359.18,348401134.12
Not Specified,2,261,,-0.05997879514966624,-0.1931080863443968,0.0,66482859.32,54250062.78
Not Specified,3-4,339,,-0.11997095385466551,-0.208,-0.0019615384615384616,97536301.43,109081499.7
Not Specified,5-9,378,,-0.15004162848006147,-0.2349391578552855,-0.0887631712057205,199778454.51,145842432.37
