supplier_name,desc_cpv,amount_awarded
FCC MEDIO AMBIENTE SA," Sewage-, refuse-, cleaning-, and environmental services",950134232.7099999
"VIATRIS PHARMACEUTICALS, S.L."," Medical equipments, pharmaceuticals and personal care products",674238134.01
URBASER SA," Sewage-, refuse-, cleaning-, and environmental services",615800051.29
CORP.CLD SERV.URBANOS TRATAMIENTO DE RESIDUOS SL," Sewage-, refuse-, cleaning-, and environmental services",517039418.69
"GRUPMAS CONTRUCTORS, SLU i EXCAVACIONS VILA VILÀ, SA (UTE ARE ESTRELLA)", Construction work,514198497.0
"T-SYSTEMS ITC IBERIA, S.A.U.", IT services,496998774.58
FCC MEDIO AMBIENTE SAU," Sewage-, refuse-, cleaning-, and environmental services",441784095.21999997
"APPLUS IDIADA, SA",Not Specified,428000000.0
VALORIZA SERVICIOS MEDIOAMBIENTALES S.A.," Sewage-, refuse-, cleaning-, and environmental services",391291567.75
"GAS NATURAL COMERCIALIZADORA, S.A."," Petroleum products, fuel, electricity and other sources of energy",352817896.51
"Copcisa, SA & Copisa Constructora Pirenaica, SA & Ferrovial Construcción, SA & Sacyr Construcción, SA (UTE)", Construction work,300465134.17
"ENDESA ENERGÍA, S.A.U."," Petroleum products, fuel, electricity and other sources of energy",271168649.38
ALSTOM TRANSPORTE SAU, Transport equipment and auxiliary products to transportation,269119402.41
NEXUS ENERGIA S.A.," Petroleum products, fuel, electricity and other sources of energy",258000000.0
"IBERDROLA CLIENTES, S.A."," Petroleum products, fuel, electricity and other sources of energy",258000000.0
"URBASER, SA"," Sewage-, refuse-, cleaning-, and environmental services",253471542.86
"everis Spain, S.L.U.", IT services,242243549.0
"ENDESA ENERGIA, SAU"," Petroleum products, fuel, electricity and other sources of energy",206332023.84
"ACCIONA GREEN ENERGY DEVELOPMENTS, S.L.U."," Petroleum products, fuel, electricity and other sources of energy",194712109.0
"ALSTOM TRANSPORTE, SA", Transport equipment and auxiliary products to transportation,190457810.97
"INDRA SOLUCIONES TECNOLOGÍAS DE LA INFORMACIÓN, S.L.U.", IT services,187671631.05
GRUPO CORPORATIVO GFI INFORMÁTICA S.A., IT services,186454504.14
SOPRA STERIA ESPAÑA SA, IT services,179900000.0
"DXD APLICATIONS & IT SOLUTIONS, S.L.U.", IT services,178800000.0
ENDESA ENERGIA SAU," Petroleum products, fuel, electricity and other sources of energy",174053443.78
"UTE IBM Global Services España, S.A.Viewnext, S.A.", IT services,173300000.0
"U.T.E DXC TECHNOLOGY SERVICIOS ESPAÑA, S.L.U., ES FIELD DELIVERY SPAIN, S.L.U. i DXC TECHNOLOGY SPAIN, S.A.U", IT services,156200000.0
ALTRAN INNOVACION S.L., IT services,156200000.0
"UTE FCC AREMA GIRONA, constituïda per les empreses FCC MEDIO AMBIENTE SAU, amb NIF A28541639 i AGUA, RESIDUOS Y MEDIO AMBIENTE SA, amb NIF A60833027"," Sewage-, refuse-, cleaning-, and environmental services",152796134.12
"GILEAD SCIENCES, S.L."," Medical equipments, pharmaceuticals and personal care products",152779819.05
VALORIZA SERVICIOS MEDIOAMBIENTALES," Sewage-, refuse-, cleaning-, and environmental services",152338516.26999998
"INFORMÁTICA EL CORTE INGLÉS, S.A", IT services,146400000.0
"Multiserveis Ndavant, S.L."," Sewage-, refuse-, cleaning-, and environmental services",144584116.49
ACCENTURE OUTSOURCING SERVICES SAU, IT services,143872970.77
"OESÍA NETWORKS, S.L.", IT services,143858803.0
"UTE ABT -Axpe Consulting Catalunya, S.L.Base Technology & Information Services, S.L.Tecsidel, S.A.", IT services,142200000.0
"UTE IBERMATICA, SA Altia Consultores, S.A.", IT services,142200000.0
"UTE NexTReT, S.L.Omitsis Consulting, S.L.", IT services,142200000.0
"Atos Spain, SA (Societat Unipersonal)", IT services,142200000.0
Opentrens Solucions i Sistemes S.L, IT services,142200000.0
AKTIOS GLOBALT IT SERVICES S.L, IT services,142200000.0
"UTE FUJITSU TECHNOLOGY SOLUTIONS,S.A SII Concatel, S.L.", IT services,142200000.0
"VASS Consultoría de Sistemas, S.L.", IT services,142200000.0
"UTE Abast Systems & Solutions, S.L.Carver Advanced Systems, S.L.Davinci Tecnolgías de la Información, S.L.Fihos Consultoría Tecnológica, S.L.", IT services,142200000.0
"Itteria Global services, S.L.", IT services,142200000.0
"UTE BETTER CONSULTANTS, SRLTecnologías Plexus, S.L.", IT services,142200000.0
Izertis S.A, IT services,142200000.0
"GLOBAL ROSETTA, SLU", IT services,142200000.0
ENDESA ENERGIA S.A.U," Petroleum products, fuel, electricity and other sources of energy",137873161.84
"CAPGEMINI ESPAÑA, S.L.", IT services,133432508.25
"IBM GLOBAL SERVICES ESPAÑA, S.A.", IT services,130194297.75999999
"ENDESA ENERGÍA, S.A.U"," Petroleum products, fuel, electricity and other sources of energy",127294448.82000001
"EY TRANSFORMA SERVICIOS DE CONSULTORIA, S.L.", IT services,123107221.08
"ACCENTURE, S.L.", IT services,120525220.13
"UTE AETICAT: Electrònica Saltó, SL, Telefónica Soluciones de Informática y Comunicaciones de España, SA, Servicios Microinformática, SA", IT services,117249810.0
"UTE VALORIZA SERVICIOS MEDIOAMBIENTALES, S.A. - ACCIONA SERVICIOS URBANOS, S.L."," Sewage-, refuse-, cleaning-, and environmental services",116023544.72
UTE HERCAL, Construction work,115665617.0
ENDESA ENERGÍA SAU," Petroleum products, fuel, electricity and other sources of energy",115558672.23
"UTE_FCC_CONSTRUCCION,SA_FCC_INDUSTRIAL_E_INFRAESTRUCTURAS_ENERGÉTICAS_SAU_ COMSA,.SAU_COMSA_INSTALACIONES_Y_SISTEMAS_INDUSTRIALES,SAU_UTE_abreujada...", Construction work,114064000.0
"SOCIEDAD GENERAL DE AGUAS DE BARCELONA, SAU (AGBAR)", Construction work,112234556.09
"GLAXOSMITHKLINE, S.A. Societat Unipersonal"," Medical equipments, pharmaceuticals and personal care products",110564852.75
UTE VALORIZA SERVICIOS MEDIOAMBIENTALES-ROMEROPOLO," Sewage-, refuse-, cleaning-, and environmental services",106424359.2
"NTT DATA SPAIN, S.L.U.", IT services,106011208.49000001
"ESTABANELL Y PAHISA MERCATOR, SAU"," Petroleum products, fuel, electricity and other sources of energy",106000000.0
"SANOFI-AVENTIS,S.A."," Medical equipments, pharmaceuticals and personal care products",105956016.77
"MULTISERVEIS NDAVANT, SL"," Sewage-, refuse-, cleaning-, and environmental services",105599334.67999999
UTE SIRT CONNECTA, Construction work,105108263.35
"Comsa,SAU & Comsa Instalaciones y Sistemas Industrial,SAU & Fcc Construcción,SA & FCC IndustrialeInfraestruct(UTE)", Construction work,104974125.45
"KPMG ASESORES, S.L.", IT services,103966328.31
"FCC MEDIO AMBIENTE, SAU"," Sewage-, refuse-, cleaning-, and environmental services",103663461.11
"SOPRA STERIA ESPAÑA, S.A.", IT services,103267473.78
CADAGUA-FERROVIAL-CONST. RUBAU-AREMA, Construction work,101830262.62
"FCC MEDIO AMBIENTE, S.A.U."," Sewage-, refuse-, cleaning-, and environmental services",101328447.89
"STALER RAIL VALENCIA, SA", Transport equipment and auxiliary products to transportation,99500000.0
"UTE Indra Soluciones Tecnologías de la Información, SLU - T-Systems ITC Iberia, SAU", IT services,96833360.0
"GBI PRAPEC SA,"," Sewage-, refuse-, cleaning-, and environmental services",96283916.88
"AIGÜES DE BARCELONA, EMPRESA METROPOLITANA DE GESTIÓ DEL CICLE INTEGRAL DE L’AIGUA SA"," Sewage-, refuse-, cleaning-, and environmental services",95573081.0
"SECURITAS SEGURIDAD ESPAÑA, S.A.", Business services,94116266.10000001
"Total Electricidad y Gas España, SA"," Petroleum products, fuel, electricity and other sources of energy",93600000.0
"Comsa, SAU & Comsa Instalaciones y Sistemas Industriales, SAU & Sacyr Construcción, SA & VOPI-4, SA (UTE)", Construction work,90939397.47
"FCC MEDIOAMBIENTE, S.A.U."," Sewage-, refuse-, cleaning-, and environmental services",87753370.64
"Comsa, SAU & Comsa Instalaciones y Sistemas Industriales, SAU & Sacyr Construcción, SA & VOPI-4, SA", Construction work,86597699.99
"UTE Indra Soluciones Tecnologías de la Información, S.L.U. - TSystems ITC Iberia, S.A.U", IT services,85977975.0
PREZERO ESPAÑA SAU," Sewage-, refuse-, cleaning-, and environmental services",83064249.49
"Gas Natural Comercializadora, SA"," Petroleum products, fuel, electricity and other sources of energy",80483993.08
"PRICEWATERHOUSECOOPERS ASESORES DE NEGOCIOS, S.L.", IT services,80419508.9
"MERCK SHARP & DOHME DE ESPAÑA, SA"," Medical equipments, pharmaceuticals and personal care products",79601443.13
Jornet Llop Pastor," Architectural, construction, engineering and inspection services",79218229.2
"Indra Soluciones Tecnologías de la Información, S.L.U.", IT services,79071188.77
SEIDOR SOLUTIONS SL, IT services,75690116.59
"VALORIZA SERVICIOS MEDIOAMBIENTALES, S.A."," Sewage-, refuse-, cleaning-, and environmental services",75232377.72
"Saytel Servicios Informáticos, SA", IT services,74681855.59
"FCC CONSTRUCCIÓN, S.A. Y COMSA, S.A.U., UTE, LEY 18/1982 DE 26 DE MAYO (abreujadament UTE FIRA P.ZERO)", Construction work,74533908.83
TotalEnergies Electricidad y Gas España SA," Petroleum products, fuel, electricity and other sources of energy",73245000.0
"URBASER, S.A."," Sewage-, refuse-, cleaning-, and environmental services",70967690.34
RED ESPAÑOLA DE SERVICIOS S.A.U.," Petroleum products, fuel, electricity and other sources of energy",70003153.18
"CRC Obras y Servicios, SL", Construction work,67837863.34
"Siemens Rail Automation, SAU", Construction work,64416916.58
"TELEFÓNICA DE SOLUCIONES INFORMÁTICA Y COMUNICACIONES DE ESPAÑA, SAU", IT services,63887629.260000005
"Copisa Constructora Pirenaica, SA", Construction work,57184919.09
"CRC Obras y Servicios, SL",Not Specified,38994207.67
"TELEFÓNICA DE SOLUCIONES INFORMÁTICA Y COMUNICACIONES DE ESPAÑA, SAU", Business services,29533138.37
"Copisa Constructora Pirenaica, SA",Not Specified,21306819.240000002
"ENDESA ENERGIA, SAU"," Architectural, construction, engineering and inspection services",20819222.0
"Siemens Rail Automation, SAU",Not Specified,16116086.370000001
FCC MEDIO AMBIENTE SA, Construction work,15581158.42
"Gas Natural Comercializadora, SA",Not Specified,13516970.27
"CRC Obras y Servicios, SL"," Architectural, construction, engineering and inspection services",9151441.72
"VALORIZA SERVICIOS MEDIOAMBIENTALES, S.A."," Architectural, construction, engineering and inspection services",7860201.13
SEIDOR SOLUTIONS SL, Repair and maintenance services,4876746.9
ENDESA ENERGÍA SAU," Architectural, construction, engineering and inspection services",2111000.8600000003
"URBASER, S.A."," Architectural, construction, engineering and inspection services",1686293.0
ENDESA ENERGIA SAU," Architectural, construction, engineering and inspection services",1576199.24
"VALORIZA SERVICIOS MEDIOAMBIENTALES, S.A.", Construction work,849677.16
"Siemens Rail Automation, SAU", Transport equipment and auxiliary products to transportation,829942.52
"Indra Soluciones Tecnologías de la Información, S.L.U.", Repair and maintenance services,813310.05
"ENDESA ENERGÍA, S.A.U.", Construction work,733922.71
"TELEFÓNICA DE SOLUCIONES INFORMÁTICA Y COMUNICACIONES DE ESPAÑA, SAU", Repair and maintenance services,694346.1
ALSTOM TRANSPORTE SAU, Repair and maintenance services,600000.0
"KPMG ASESORES, S.L.", Business services,586891.75
"MULTISERVEIS NDAVANT, SL",Not Specified,487339.82999999996
FCC MEDIO AMBIENTE SAU, Construction work,430682.82
"ENDESA ENERGIA, SAU", Construction work,382775.0
"NTT DATA SPAIN, S.L.U.", Business services,380003.49
ENDESA ENERGIA SAU, Construction work,359752.07
URBASER SA, Construction work,344819.2
"URBASER, S.A.", Construction work,208952.96000000002
ENDESA ENERGIA SAU, Repair and maintenance services,160732.09
ALSTOM TRANSPORTE SAU," Architectural, construction, engineering and inspection services",156800.0
"Indra Soluciones Tecnologías de la Información, S.L.U.", Business services,146777.0
URBASER SA," Architectural, construction, engineering and inspection services",126094.19
"T-SYSTEMS ITC IBERIA, S.A.U.",Not Specified,121116.31
"INDRA SOLUCIONES TECNOLOGÍAS DE LA INFORMACIÓN, S.L.U.", Repair and maintenance services,119600.0
"PRICEWATERHOUSECOOPERS ASESORES DE NEGOCIOS, S.L.", Business services,106500.0
"T-SYSTEMS ITC IBERIA, S.A.U."," Architectural, construction, engineering and inspection services",101650.0
"URBASER, SA", Construction work,95118.69
FCC MEDIO AMBIENTE SA,Not Specified,75139.19
"SOPRA STERIA ESPAÑA, S.A.", Business services,70822.67
"SANOFI-AVENTIS,S.A.",Not Specified,57000.0
"CAPGEMINI ESPAÑA, S.L."," Architectural, construction, engineering and inspection services",50000.0
"SECURITAS SEGURIDAD ESPAÑA, S.A.", Construction work,43588.490000000005
"SECURITAS SEGURIDAD ESPAÑA, S.A.", IT services,33600.0
"NTT DATA SPAIN, S.L.U."," Architectural, construction, engineering and inspection services",27630.0
"INDRA SOLUCIONES TECNOLOGÍAS DE LA INFORMACIÓN, S.L.U.", Business services,24142.86
"ALSTOM TRANSPORTE, SA", Repair and maintenance services,18320.38
"ALSTOM TRANSPORTE, SA"," Architectural, construction, engineering and inspection services",14890.0
"Indra Soluciones Tecnologías de la Información, S.L.U."," Architectural, construction, engineering and inspection services",14832.1
"KPMG ASESORES, S.L."," Architectural, construction, engineering and inspection services",14500.0
SEIDOR SOLUTIONS SL, Business services,12600.0
ENDESA ENERGIA S.A.U,Not Specified,7023.26
SEIDOR SOLUTIONS SL,Not Specified,6640.9
"SECURITAS SEGURIDAD ESPAÑA, S.A.", Repair and maintenance services,6358.69
"URBASER, SA"," Architectural, construction, engineering and inspection services",5842.62
"GAS NATURAL COMERCIALIZADORA, S.A.", Business services,137.94
"GAS NATURAL COMERCIALIZADORA, S.A.", Construction work,128.36
"MULTISERVEIS NDAVANT, SL", Business services,107.28
